# x, y, z, vx, vy, 0_x, 0_y, 1_x, 1_y
-5.000000,-5.000000,0.000000,1.102398,0.688999,0.000000,0.000000,0.031116,0.058114
-5.000000,-4.473684,0.000000,1.134639,0.634502,0.000000,0.000000,0.048110,0.054178
-5.000000,-3.947368,0.000000,1.165807,0.575234,0.000000,0.000000,0.065314,0.048318
-5.000000,-3.421053,0.000000,1.195295,0.511146,0.000000,0.000000,0.081821,0.038819
-5.000000,-2.894737,0.000000,1.222434,0.442328,0.000000,0.000000,0.095975,0.025125
-5.000000,-2.368421,0.000000,1.246520,0.369036,0.000000,0.000000,0.105879,0.007595
-5.000000,-1.842105,0.000000,1.266849,0.291709,0.000000,0.000000,0.109895,-0.012587
-5.000000,-1.315789,0.000000,1.282765,0.210981,0.000000,0.000000,0.107118,-0.033698
-5.000000,-0.789474,0.000000,1.293716,0.127669,0.033754,0.174516,0.097635,-0.054072
-5.000000,-0.263158,0.000000,1.299297,0.042740,0.062515,0.094168,0.082400,-0.073108
-5.000000,0.263158,0.000000,1.299297,-0.042740,0.082400,0.073108,0.062515,-0.094168
-5.000000,0.789474,0.000000,1.293716,-0.127669,0.097635,0.054072,0.033754,-0.174516
-5.000000,1.315789,0.000000,1.282765,-0.210981,0.107118,0.033698,0.000000,0.000000
-5.000000,1.842105,0.000000,1.266849,-0.291709,0.109895,0.012587,0.000000,0.000000
-5.000000,2.368421,0.000000,1.246520,-0.369036,0.105879,-0.007595,0.000000,0.000000
-5.000000,2.894737,0.000000,1.222434,-0.442328,0.095975,-0.025125,0.000000,0.000000
-5.000000,3.421053,0.000000,1.195295,-0.511146,0.081821,-0.038819,0.000000,0.000000
-5.000000,3.947368,0.000000,1.165807,-0.575234,0.065314,-0.048318,0.000000,0.000000
-5.000000,4.473684,0.000000,1.134639,-0.634502,0.048110,-0.054178,0.000000,0.000000
-5.000000,5.000000,0.000000,1.102398,-0.688999,0.031116,-0.058114,0.000000,0.000000
-4.473684,-5.000000,0.000000,1.080493,0.722865,0.000000,0.000000,0.037827,0.077951
-4.473684,-4.473684,0.000000,1.115433,0.667689,0.000000,0.000000,0.062154,0.074734
-4.473684,-3.947368,0.000000,1.149514,0.607138,0.000000,0.000000,0.087764,0.068727
-4.473684,-3.421053,0.000000,1.182047,0.541078,0.000000,0.000000,0.113299,0.057032
-4.473684,-2.894737,0.000000,1.212246,0.469532,0.000000,0.000000,0.135974,0.038472
-4.473684,-2.368421,0.000000,1.239261,0.392724,0.000000,0.000000,0.152378,0.013410
-4.473684,-1.842105,0.000000,1.262224,0.311112,0.000000,0.000000,0.159434,-0.016214
-4.473684,-1.315789,0.000000,1.280309,0.225407,0.000000,0.000000,0.155391,-0.047317
-4.473684,-0.789474,0.000000,1.292807,0.136564,0.043471,0.237940,0.140440,-0.076744
-4.473684,-0.263158,0.000000,1.299195,0.045746,0.086015,0.130173,0.116514,-0.102967
-4.473684,0.263158,0.000000,1.299195,-0.045746,0.116514,0.102967,0.086015,-0.130173
-4.473684,0.789474,0.000000,1.292807,-0.136564,0.140440,0.076744,0.043471,-0.237940
-4.473684,1.315789,0.000000,1.280309,-0.225407,0.155391,0.047317,0.000000,0.000000
-4.473684,1.842105,0.000000,1.262224,-0.311112,0.159434,0.016214,0.000000,0.000000
-4.473684,2.368421,0.000000,1.239261,-0.392724,0.152378,-0.013410,0.000000,0.000000
-4.473684,2.894737,0.000000,1.212246,-0.469532,0.135974,-0.038472,0.000000,0.000000
-4.473684,3.421053,0.000000,1.182047,-0.541078,0.113299,-0.057032,0.000000,0.000000
-4.473684,3.947368,0.000000,1.149514,-0.607138,0.087764,-0.068727,0.000000,0.000000
-4.473684,4.473684,0.000000,1.115433,-0.667689,0.062154,-0.074734,0.000000,0.000000
-4.473684,5.000000,0.000000,1.080493,-0.722865,0.037827,-0.077951,0.000000,0.000000
-3.947368,-5.000000,0.000000,1.055146,0.759386,0.000000,0.000000,0.045623,0.106049
-3.947368,-4.473684,0.000000,1.092994,0.703822,0.000000,0.000000,0.081080,0.105128
-3.947368,-3.947368,0.000000,1.130294,0.642212,0.000000,0.000000,0.120229,0.100343
-3.947368,-3.421053,0.000000,1.166268,0.574299,0.000000,0.000000,0.161169,0.086573
-3.947368,-2.894737,0.000000,1.200000,0.500000,0.000000,0.000000,0.199133,0.061208
-3.947368,-2.368421,0.000000,1.230463,0.419476,0.000000,0.000000,0.227728,0.024298
-3.947368,-1.842105,0.000000,1.256578,0.333184,0.000000,0.000000,0.240804,-0.020946
-3.947368,-1.315789,0.000000,1.277294,0.241912,0.000000,0.000000,0.234727,-0.068766
-3.947368,-0.789474,0.000000,1.291687,0.146783,0.056571,0.332372,0.209894,-0.112929
-3.947368,-0.263158,0.000000,1.299068,0.049207,0.121616,0.185047,0.170425,-0.149925
-3.947368,0.263158,0.000000,1.299068,-0.049207,0.170425,0.149925,0.121616,-0.185047
-3.947368,0.789474,0.000000,1.291687,-0.146783,0.209894,0.112929,0.056571,-0.332372
-3.947368,1.315789,0.000000,1.277294,-0.241912,0.234727,0.068766,0.000000,0.000000
-3.947368,1.842105,0.000000,1.256578,-0.333184,0.240804,0.020946,0.000000,0.000000
-3.947368,2.368421,0.000000,1.230463,-0.419476,0.227728,-0.024298,0.000000,0.000000
-3.947368,2.894737,0.000000,1.200000,-0.500000,0.199133,-0.061208,0.000000,0.000000
-3.947368,3.421053,0.000000,1.166268,-0.574299,0.161169,-0.086573,0.000000,0.000000
-3.947368,3.947368,0.000000,1.130294,-0.642212,0.120229,-0.100343,0.000000,0.000000
-3.947368,4.473684,0.000000,1.092994,-0.703822,0.081080,-0.105128,0.000000,0.000000
-3.947368,5.000000,0.000000,1.055146,-0.759386,0.045623,-0.106049,0.000000,0.000000
-3.421053,-5.000000,0.000000,1.025705,0.798705,0.000000,0.000000,0.054070,0.146436
-3.421053,-4.473684,0.000000,1.066642,0.743152,0.000000,0.000000,0.106719,0.151117
-3.421053,-3.947368,0.000000,1.107467,0.680820,0.000000,0.000000,0.168380,0.151018
-3.421053,-3.421053,0.000000,1.147319,0.611277,0.000000,0.000000,0.236858,0.136692
-3.421053,-2.894737,0.000000,1.185134,0.534282,0.000000,0.000000,0.303961,0.102105
-3.421053,-2.368421,0.000000,1.219675,0.449880,0.000000,0.000000,0.357098,0.045849
-3.421053,-1.842105,0.000000,1.249594,0.358490,0.000000,0.000000,0.383057,-0.026803
-3.421053,-1.315789,0.000000,1.273536,0.260971,0.000000,0.000000,0.373568,-0.104464
-3.421053,-0.789474,0.000000,1.290284,0.158641,0.074304,0.478087,0.329464,-0.174055
-3.421053,-0.263158,0.000000,1.298910,0.053234,0.177794,0.272235,0.260152,-0.227646
-3.421053,0.263158,0.000000,1.298910,-0.053234,0.260152,0.227646,0.177794,-0.272235
-3.421053,0.789474,0.000000,1.290284,-0.158641,0.329464,0.174055,0.074304,-0.478087
-3.421053,1.315789,0.000000,1.273536,-0.260971,0.373568,0.104464,0.000000,0.000000
-3.421053,1.842105,0.000000,1.249594,-0.358490,0.383057,0.026803,0.000000,0.000000
-3.421053,2.368421,0.000000,1.219675,-0.449880,0.357098,-0.045849,0.000000,0.000000
-3.421053,2.894737,0.000000,1.185134,-0.534282,0.303961,-0.102105,0.000000,0.000000
-3.421053,3.421053,0.000000,1.147319,-0.611277,0.236858,-0.136692,0.000000,0.000000
-3.421053,3.947368,0.000000,1.107467,-0.680820,0.168380,-0.151018,0.000000,0.000000
-3.421053,4.473684,0.000000,1.066642,-0.743152,0.106719,-0.151117,0.000000,0.000000
-3.421053,5.000000,0.000000,1.025705,-0.798705,0.054070,-0.146436,0.000000,0.000000
-2.894737,-5.000000,0.000000,0.991394,0.840915,0.000000,0.000000,0.061781,0.205320
-2.894737,-4.473684,0.000000,1.035545,0.785905,0.000000,0.000000,0.141431,0.222431
-2.894737,-3.947368,0.000000,1.080179,0.723334,0.000000,0.000000,0.241845,0.235506
-2.894737,-3.421053,0.000000,1.124366,0.652534,0.000000,0.000000,0.362366,0.226502
-2.894737,-2.894737,0.000000,1.166893,0.573028,0.000000,0.000000,0.489313,0.180893
-2.894737,-2.368421,0.000000,1.206275,0.484664,0.000000,0.000000,0.596576,0.091788
-2.894737,-1.842105,0.000000,1.240824,0.387757,0.000000,0.000000,0.653042,-0.032708
-2.894737,-1.315789,0.000000,1.268776,0.283209,0.000000,0.000000,0.637567,-0.168373
-2.894737,-0.789474,0.000000,1.288496,0.172566,0.098119,0.713105,0.551906,-0.285292
-2.894737,-0.263158,0.000000,1.298706,0.057978,0.271056,0.418134,0.419759,-0.365016
-2.894737,0.263158,0.000000,1.298706,-0.057978,0.419759,0.365016,0.271056,-0.418134
-2.894737,0.789474,0.000000,1.288496,-0.172566,0.551906,0.285292,0.098119,-0.713105
-2.894737,1.315789,0.000000,1.268776,-0.283209,0.637567,0.168373,0.000000,0.000000
-2.894737,1.842105,0.000000,1.240824,-0.387757,0.653042,0.032708,0.000000,0.000000
-2.894737,2.368421,0.000000,1.206275,-0.484664,0.596576,-0.091788,0.000000,0.000000
-2.894737,2.894737,0.000000,1.166893,-0.573028,0.489313,-0.180893,0.000000,0.000000
-2.894737,3.421053,0.000000,1.124366,-0.652534,0.362366,-0.226502,0.000000,0.000000
-2.894737,3.947368,0.000000,1.080179,-0.723334,0.241845,-0.235506,0.000000,0.000000
-2.894737,4.473684,0.000000,1.035545,-0.785905,0.141431,-0.222431,0.000000,0.000000
-2.894737,5.000000,0.000000,0.991394,-0.840915,0.061781,-0.205320,0.000000,0.000000
-2.368421,-5.000000,0.000000,0.951302,0.886016,0.000000,0.000000,0.065180,0.292335
-2.368421,-4.473684,0.000000,0.998688,0.832240,0.000000,0.000000,0.187816,0.335818
-2.368421,-3.947368,0.000000,1.047346,0.770108,0.000000,0.000000,0.357491,0.382938
-2.368421,-3.421053,0.000000,1.096317,0.698633,0.000000,0.000000,0.583202,0.398740
-2.368421,-2.894737,0.000000,1.144252,0.616999,0.000000,0.000000,0.845452,0.346846
-2.368421,-2.368421,0.000000,1.189393,0.524732,0.000000,0.000000,1.087480,0.200263
-2.368421,-1.842105,0.000000,1.229624,0.421930,0.000000,0.000000,1.226898,-0.032557
-2.368421,-1.315789,0.000000,1.262628,0.309468,0.000000,0.000000,1.200536,-0.294968
-2.368421,-0.789474,0.000000,1.286167,0.189142,0.128785,1.114384,1.011928,-0.509464
-2.368421,-0.263158,0.000000,1.298441,0.063649,0.436226,0.678956,0.729949,-0.630006
-2.368421,0.263158,0.000000,1.298441,-0.063649,0.729949,0.630006,0.436226,-0.678956
-2.368421,0.789474,0.000000,1.286167,-0.189142,1.011928,0.509464,0.128785,-1.114384
-2.368421,1.315789,0.000000,1.262628,-0.309468,1.200536,0.294968,0.000000,0.000000
-2.368421,1.842105,0.000000,1.229624,-0.421930,1.226898,0.032557,0.000000,0.000000
-2.368421,2.368421,0.000000,1.189393,-0.524732,1.087480,-0.200263,0.000000,0.000000
-2.368421,2.894737,0.000000,1.144252,-0.616999,0.845452,-0.346846,0.000000,0.000000
-2.368421,3.421053,0.000000,1.096317,-0.698633,0.583202,-0.398740,0.000000,0.000000
-2.368421,3.947368,0.000000,1.047346,-0.770108,0.357491,-0.382938,0.000000,0.000000
-2.368421,4.473684,0.000000,0.998688,-0.832240,0.187816,-0.335818,0.000000,0.000000
-2.368421,5.000000,0.000000,0.951302,-0.886016,0.065180,-0.292335,0.000000,0.000000
-1.842105,-5.000000,0.000000,0.904375,0.933866,0.000000,0.000000,0.055638,0.422693
-1.842105,-4.473684,0.000000,0.954846,0.882195,0.000000,0.000000,0.247340,0.520424
-1.842105,-3.947368,0.000000,1.007607,0.821419,0.000000,0.000000,0.545713,0.654161
-1.842105,-3.421053,0.000000,1.061738,0.750141,0.000000,0.000000,1.002450,0.758911
-1.842105,-2.894737,0.000000,1.115810,0.667060,0.000000,0.000000,1.612467,0.741489
-1.842105,-2.368421,0.000000,1.167788,0.571201,0.000000,0.000000,2.252349,0.497251
-1.842105,-1.842105,0.000000,1.215043,0.462245,0.000000,0.000000,2.667567,0.004722
-1.842105,-1.315789,0.000000,1.254507,0.340899,0.000000,0.000000,2.622258,-0.586407
-1.842105,-0.789474,0.000000,1.283058,0.209194,0.162143,1.855877,2.121053,-1.033539
-1.842105,-0.263158,0.000000,1.298084,0.070548,0.754799,1.187666,1.412144,-1.207694
-1.842105,0.263158,0.000000,1.298084,-0.070548,1.412144,1.207694,0.754799,-1.187666
-1.842105,0.789474,0.000000,1.283058,-0.209194,2.121053,1.033539,0.162143,-1.855877
-1.842105,1.315789,0.000000,1.254507,-0.340899,2.622258,0.586407,0.000000,0.000000
-1.842105,1.842105,0.000000,1.215043,-0.462245,2.667567,-0.004722,0.000000,0.000000
-1.842105,2.368421,0.000000,1.167788,-0.571201,2.252349,-0.497251,0.000000,0.000000
-1.842105,2.894737,0.000000,1.115810,-0.667060,1.612467,-0.741489,0.000000,0.000000
-1.842105,3.421053,0.000000,1.061738,-0.750141,1.002450,-0.758911,0.000000,0.000000
-1.842105,3.947368,0.000000,1.007607,-0.821419,0.545713,-0.654161,0.000000,0.000000
-1.842105,4.473684,0.000000,0.954846,-0.882195,0.247340,-0.520424,0.000000,0.000000
-1.842105,5.000000,0.000000,0.904375,-0.933866,0.055638,-0.422693,0.000000,0.000000
-1.315789,-5.000000,0.000000,0.849436,0.984103,0.000000,0.000000,0.012060,0.622629
-1.315789,-4.473684,0.000000,0.902580,0.935601,0.000000,0.000000,0.315717,0.826579
-1.315789,-3.947368,0.000000,0.959271,0.877382,0.000000,0.000000,0.862204,1.184216
-1.315789,-3.421053,0.000000,1.018756,0.807550,0.000000,0.000000,1.882758,1.603121
-1.315789,-2.894737,0.000000,1.079636,0.724146,0.000000,0.000000,3.564512,1.860123
-1.315789,-2.368421,0.000000,1.139667,0.625427,0.000000,0.000000,5.726423,1.522505
-1.315789,-1.842105,0.000000,1.195641,0.510335,0.000000,0.000000,7.406377,0.269653
-1.315789,-1.315789,0.000000,1.243492,0.379113,0.000000,0.000000,7.353890,-1.446243
-1.315789,-0.789474,0.000000,1.278781,0.233923,0.167606,3.413377,5.532272,-2.586123
-1.315789,-0.263158,0.000000,1.297590,0.079121,1.446069,2.306560,3.218119,-2.720984
-1.315789,0.263158,0.000000,1.297590,-0.079121,3.218119,2.720984,1.446069,-2.306560
-1.315789,0.789474,0.000000,1.278781,-0.233923,5.532272,2.586123,0.167606,-3.413377
-1.315789,1.315789,0.000000,1.243492,-0.379113,7.353890,1.446243,0.000000,0.000000
-1.315789,1.842105,0.000000,1.195641,-0.510335,7.406377,-0.269653,0.000000,0.000000
-1.315789,2.368421,0.000000,1.139667,-0.625427,5.726423,-1.522505,0.000000,0.000000
-1.315789,2.894737,0.000000,1.079636,-0.724146,3.564512,-1.860123,0.000000,0.000000
-1.315789,3.421053,0.000000,1.018756,-0.807550,1.882758,-1.603121,0.000000,0.000000
-1.315789,3.947368,0.000000,0.959271,-0.877382,0.862204,-1.184216,0.000000,0.000000
-1.315789,4.473684,0.000000,0.902580,-0.935601,0.315717,-0.826579,0.000000,0.000000
-1.315789,5.000000,0.000000,0.849436,-0.984103,0.012060,-0.622629,0.000000,0.000000
-0.789474,-5.000000,0.000000,0.785225,1.036061,0.000000,0.000000,-0.128631,0.962295
-0.789474,-4.473684,0.000000,0.840248,0.991959,0.000000,0.000000,0.369502,1.337037
-0.789474,-3.947368,0.000000,0.900291,0.937804,0.000000,0.000000,1.407073,2.291955
-0.789474,-3.421053,0.000000,0.964948,0.871134,0.000000,0.000000,4.009202,3.919901
-0.789474,-2.894737,0.000000,1.033072,0.789152,0.000000,0.000000,10.068284,6.056275
-0.789474,-2.368421,0.000000,1.102398,0.688999,0.000000,0.000000,21.377889,6.899474
-0.789474,-1.842105,0.000000,1.169178,0.568351,0.000000,0.000000,33.727721,2.688676
-0.789474,-1.315789,0.000000,1.228076,0.426415,0.000000,0.000000,34.398448,-5.607184
-0.789474,-0.789474,0.000000,1.272675,0.265141,-0.080352,7.913160,22.012185,-9.743603
-0.789474,-0.263158,0.000000,1.296877,0.090061,3.230203,5.243276,9.742705,-8.118136
-0.789474,0.263158,0.000000,1.296877,-0.090061,9.742705,8.118136,3.230203,-5.243276
-0.789474,0.789474,0.000000,1.272675,-0.265141,22.012185,9.743603,-0.080352,-7.913160
-0.789474,1.315789,0.000000,1.228076,-0.426415,34.398448,5.607184,0.000000,0.000000
-0.789474,1.842105,0.000000,1.169178,-0.568351,33.727721,-2.688676,0.000000,0.000000
-0.789474,2.368421,0.000000,1.102398,-0.688999,21.377889,-6.899474,0.000000,0.000000
-0.789474,2.894737,0.000000,1.033072,-0.789152,10.068284,-6.056275,0.000000,0.000000
-0.789474,3.421053,0.000000,0.964948,-0.871134,4.009202,-3.919901,0.000000,0.000000
-0.789474,3.947368,0.000000,0.900291,-0.937804,1.407073,-2.291955,0.000000,0.000000
-0.789474,4.473684,0.000000,0.840248,-0.991959,0.369502,-1.337037,0.000000,0.000000
-0.789474,5.000000,0.000000,0.785225,-1.036061,-0.128631,-0.962295,0.000000,0.000000
-0.263158,-5.000000,0.000000,0.710498,1.088666,0.000000,0.000000,0.000000,0.000000
-0.263158,-4.473684,0.000000,0.766092,1.050287,0.000000,0.000000,0.331807,2.168556
-0.263158,-3.947368,0.000000,0.828291,1.001965,0.000000,0.000000,2.335817,4.768609
-0.263158,-3.421053,0.000000,0.897274,0.940691,0.000000,0.000000,10.338631,11.948324
-0.263158,-2.894737,0.000000,0.972497,0.862699,0.000000,0.000000,46.446316,32.869737
-0.263158,-2.368421,0.000000,1.052090,0.763614,0.000000,0.000000,216.603563,85.895591
-0.263158,-1.842105,0.000000,1.132072,0.639073,0.000000,0.000000,755.605367,102.253524
-0.263158,-1.315789,0.000000,1.205674,0.486159,0.000000,0.000000,886.979131,-106.318247
-0.263158,-0.789474,0.000000,1.263546,0.305697,0.000000,0.000000,286.177300,-117.527974
-0.263158,-0.263158,0.000000,1.295793,0.104499,9.338451,15.515666,54.670723,-44.679427
-0.263158,0.263158,0.000000,1.295793,-0.104499,54.670723,44.679427,9.338451,-15.515666
-0.263158,0.789474,0.000000,1.263546,-0.305697,286.177300,117.527974,0.000000,0.000000
-0.263158,1.315789,0.000000,1.205674,-0.486159,886.979131,106.318247,0.000000,0.000000
-0.263158,1.842105,0.000000,1.132072,-0.639073,755.605367,-102.253524,0.000000,0.000000
-0.263158,2.368421,0.000000,1.052090,-0.763614,216.603563,-85.895591,0.000000,0.000000
-0.263158,2.894737,0.000000,0.972497,-0.862699,46.446316,-32.869737,0.000000,0.000000
-0.263158,3.421053,0.000000,0.897274,-0.940691,10.338631,-11.948324,0.000000,0.000000
-0.263158,3.947368,0.000000,0.828291,-1.001965,2.335817,-4.768609,0.000000,0.000000
-0.263158,4.473684,0.000000,0.766092,-1.050287,0.331807,-2.168556,0.000000,0.000000
-0.263158,5.000000,0.000000,0.710498,-1.088666,0.000000,0.000000,0.000000,0.000000
0.263158,-5.000000,0.000000,0.624189,1.140346,0.000000,0.000000,0.000000,0.000000
0.263158,-4.473684,0.000000,0.678413,1.108944,0.000000,0.000000,-0.000446,3.419731
0.263158,-3.947368,0.000000,0.740714,1.068337,0.000000,0.000000,3.726644,10.571079
0.263158,-3.421053,0.000000,0.812104,1.015129,0.000000,0.000000,37.022162,52.834132
0.263158,-2.894737,0.000000,0.893115,0.944641,0.000000,0.000000,1003.725259,859.593663
0.263158,-2.368421,0.000000,0.983019,0.850690,0.000000,0.000000,3.781454,3.835806
0.263158,-1.842105,0.000000,1.078464,0.725889,0.000000,0.000000,13.651835,0.458065
0.263158,-1.315789,0.000000,1.171628,0.563283,0.000000,0.000000,12.263989,-10.295674
0.263158,-0.789474,0.000000,1.249071,0.360309,0.000000,0.000000,0.000000,0.000000
0.263158,-0.263158,0.000000,1.294032,0.124426,45.680972,78.413968,4103.179197,-3264.016750
0.263158,0.263158,0.000000,1.294032,-0.124426,4103.179197,3264.016750,45.680972,-78.413968
0.263158,0.789474,0.000000,1.249071,-0.360309,0.000000,0.000000,0.000000,0.000000
0.263158,1.315789,0.000000,1.171628,-0.563283,12.263989,10.295674,0.000000,0.000000
0.263158,1.842105,0.000000,1.078464,-0.725889,13.651835,-0.458065,0.000000,0.000000
0.263158,2.368421,0.000000,0.983019,-0.850690,3.781454,-3.835806,0.000000,0.000000
0.263158,2.894737,0.000000,0.893115,-0.944641,1003.725259,-859.593663,0.000000,0.000000
0.263158,3.421053,0.000000,0.812104,-1.015129,37.022162,-52.834132,0.000000,0.000000
0.263158,3.947368,0.000000,0.740714,-1.068337,3.726644,-10.571079,0.000000,0.000000
0.263158,4.473684,0.000000,0.678413,-1.108944,-0.000446,-3.419731,0.000000,0.000000
0.263158,5.000000,0.000000,0.624189,-1.140346,0.000000,0.000000,0.000000,0.000000
0.789474,-5.000000,0.000000,0.525657,1.188985,0.000000,0.000000,0.000000,0.000000
0.789474,-4.473684,0.000000,0.575887,1.165485,0.000000,0.000000,-1.129500,5.093379
0.789474,-3.947368,0.000000,0.635184,1.134258,0.000000,0.000000,4.621590,23.633710
0.789474,-3.421053,0.000000,0.705530,1.091892,0.000000,0.000000,268.696778,510.066112
0.789474,-2.894737,0.000000,0.788988,1.033198,0.000000,0.000000,0.000000,0.000000
0.789474,-2.368421,0.000000,0.887014,0.950372,0.000000,0.000000,40.649009,41.075230
0.789474,-1.842105,0.000000,0.998688,0.832240,0.000000,0.000000,470.640239,120.069355
0.789474,-1.315789,0.000000,1.117081,0.664929,0.000000,0.000000,616.897293,-185.310649
0.789474,-0.789474,0.000000,1.224264,0.437237,0.000000,0.000000,0.000000,0.000000
0.789474,-0.263158,0.000000,1.290885,0.153677,1290.800043,2326.769572,0.000000,0.000000
0.789474,0.263158,0.000000,1.290885,-0.153677,0.000000,0.000000,1290.800043,-2326.769572
0.789474,0.789474,0.000000,1.224264,-0.437237,0.000000,0.000000,0.000000,0.000000
0.789474,1.315789,0.000000,1.117081,-0.664929,616.897293,185.310649,0.000000,0.000000
0.789474,1.842105,0.000000,0.998688,-0.832240,470.640239,-120.069355,0.000000,0.000000
0.789474,2.368421,0.000000,0.887014,-0.950372,40.649009,-41.075230,0.000000,0.000000
0.789474,2.894737,0.000000,0.788988,-1.033198,0.000000,0.000000,0.000000,0.000000
0.789474,3.421053,0.000000,0.705530,-1.091892,268.696778,-510.066112,0.000000,0.000000
0.789474,3.947368,0.000000,0.635184,-1.134258,4.621590,-23.633710,0.000000,0.000000
0.789474,4.473684,0.000000,0.575887,-1.165485,-1.129500,-5.093379,0.000000,0.000000
0.789474,5.000000,0.000000,0.525657,-1.188985,0.000000,0.000000,0.000000,0.000000
1.315789,-5.000000,0.000000,0.414985,1.231985,0.000000,0.000000,0.000000,0.000000
1.315789,-4.473684,0.000000,0.458029,1.216639,0.000000,0.000000,0.000000,0.000000
1.315789,-3.947368,0.000000,0.510170,1.195712,0.000000,0.000000,0.154793,44.686741
1.315789,-3.421053,0.000000,0.574189,1.166322,0.000000,0.000000,46971.237465,138741.044530
1.315789,-2.894737,0.000000,0.653762,1.123653,0.000000,0.000000,0.000000,0.000000
1.315789,-2.368421,0.000000,0.753381,1.059442,0.000000,0.000000,3124.223485,4527.104546
1.315789,-1.842105,0.000000,0.877200,0.959437,0.000000,0.000000,0.000000,0.000000
1.315789,-1.315789,0.000000,1.024432,0.800337,0.000000,0.000000,0.000000,0.000000
1.315789,-0.789474,0.000000,1.177097,0.551764,0.000000,0.000000,0.000000,0.000000
1.315789,-0.263158,0.000000,1.284416,0.200690,0.000000,0.000000,0.000000,0.000000
1.315789,0.263158,0.000000,1.284416,-0.200690,0.000000,0.000000,0.000000,0.000000
1.315789,0.789474,0.000000,1.177097,-0.551764,0.000000,0.000000,0.000000,0.000000
1.315789,1.315789,0.000000,1.024432,-0.800337,0.000000,0.000000,0.000000,0.000000
1.315789,1.842105,0.000000,0.877200,-0.959437,0.000000,0.000000,0.000000,0.000000
1.315789,2.368421,0.000000,0.753381,-1.059442,3124.223485,-4527.104546,0.000000,0.000000
1.315789,2.894737,0.000000,0.653762,-1.123653,0.000000,0.000000,0.000000,0.000000
1.315789,3.421053,0.000000,0.574189,-1.166322,46971.237465,-138741.044530,0.000000,0.000000
1.315789,3.947368,0.000000,0.510170,-1.195712,0.154793,-44.686741,0.000000,0.000000
1.315789,4.473684,0.000000,0.458029,-1.216639,0.000000,0.000000,0.000000,0.000000
1.315789,5.000000,0.000000,0.414985,-1.231985,0.000000,0.000000,0.000000,0.000000
1.842105,-5.000000,0.000000,0.293291,1.266483,0.000000,0.000000,0.000000,0.000000
1.842105,-4.473684,0.000000,0.325737,1.258529,0.000000,0.000000,0.000000,0.000000
1.842105,-3.947368,0.000000,0.365916,1.247440,0.000000,0.000000,-13.676481,48.967655
1.842105,-3.421053,0.000000,0.416775,1.231381,0.000000,0.000000,0.000000,0.000000
1.842105,-2.894737,0.000000,0.482808,1.207020,0.000000,0.000000,0.000000,0.000000
1.842105,-2.368421,0.000000,0.570973,1.167900,0.000000,0.000000,0.000000,0.000000
1.842105,-1.842105,0.000000,0.691823,1.100628,0.000000,0.000000,0.000000,0.000000
1.842105,-1.315789,0.000000,0.858816,0.975928,0.000000,0.000000,0.000000,0.000000
1.842105,-0.789474,0.000000,1.074096,0.732338,0.000000,0.000000,0.000000,0.000000
1.842105,-0.263158,0.000000,1.267673,0.288107,0.000000,0.000000,0.000000,0.000000
1.842105,0.263158,0.000000,1.267673,-0.288107,0.000000,0.000000,0.000000,0.000000
1.842105,0.789474,0.000000,1.074096,-0.732338,0.000000,0.000000,0.000000,0.000000
1.842105,1.315789,0.000000,0.858816,-0.975928,0.000000,0.000000,0.000000,0.000000
1.842105,1.842105,0.000000,0.691823,-1.100628,0.000000,0.000000,0.000000,0.000000
1.842105,2.368421,0.000000,0.570973,-1.167900,0.000000,0.000000,0.000000,0.000000
1.842105,2.894737,0.000000,0.482808,-1.207020,0.000000,0.000000,0.000000,0.000000
1.842105,3.421053,0.000000,0.416775,-1.231381,0.000000,0.000000,0.000000,0.000000
1.842105,3.947368,0.000000,0.365916,-1.247440,-13.676481,-48.967655,0.000000,0.000000
1.842105,4.473684,0.000000,0.325737,-1.258529,0.000000,0.000000,0.000000,0.000000
1.842105,5.000000,0.000000,0.293291,-1.266483,0.000000,0.000000,0.000000,0.000000
2.368421,-5.000000,0.000000,0.162916,1.289751,0.000000,0.000000,0.000000,0.000000
2.368421,-4.473684,0.000000,0.181727,1.287235,0.000000,0.000000,0.000000,0.000000
2.368421,-3.947368,0.000000,0.205388,1.283673,0.000000,0.000000,0.000000,0.000000
2.368421,-3.421053,0.000000,0.236012,1.278397,0.000000,0.000000,0.000000,0.000000
2.368421,-2.894737,0.000000,0.277117,1.270120,0.000000,0.000000,0.000000,0.000000
2.368421,-2.368421,0.000000,0.334961,1.256105,0.000000,0.000000,0.000000,0.000000
2.368421,-1.842105,0.000000,0.421622,1.229730,0.000000,0.000000,0.000000,0.000000
2.368421,-1.315789,0.000000,0.562550,1.171980,0.000000,0.000000,0.000000,0.000000
2.368421,-0.789474,0.000000,0.812104,1.015129,0.000000,0.000000,0.000000,0.000000
2.368421,-0.263158,0.000000,1.200000,0.500000,0.000000,0.000000,0.000000,0.000000
2.368421,0.263158,0.000000,1.200000,-0.500000,0.000000,0.000000,0.000000,0.000000
2.368421,0.789474,0.000000,0.812104,-1.015129,0.000000,0.000000,0.000000,0.000000
2.368421,1.315789,0.000000,0.562550,-1.171980,0.000000,0.000000,0.000000,0.000000
2.368421,1.842105,0.000000,0.421622,-1.229730,0.000000,0.000000,0.000000,0.000000
2.368421,2.368421,0.000000,0.334961,-1.256105,0.000000,0.000000,0.000000,0.000000
2.368421,2.894737,0.000000,0.277117,-1.270120,0.000000,0.000000,0.000000,0.000000
2.368421,3.421053,0.000000,0.236012,-1.278397,0.000000,0.000000,0.000000,0.000000
2.368421,3.947368,0.000000,0.205388,-1.283673,0.000000,0.000000,0.000000,0.000000
2.368421,4.473684,0.000000,0.181727,-1.287235,0.000000,0.000000,0.000000,0.000000
2.368421,5.000000,0.000000,0.162916,-1.289751,0.000000,0.000000,0.000000,0.000000
2.894737,-5.000000,0.000000,0.027362,1.299712,0.000000,0.000000,0.000000,0.000000
2.894737,-4.473684,0.000000,0.030580,1.299640,0.000000,0.000000,0.000000,0.000000
2.894737,-3.947368,0.000000,0.034654,1.299538,0.000000,0.000000,0.000000,0.000000
2.894737,-3.421053,0.000000,0.039981,1.299385,0.000000,0.000000,0.000000,0.000000
2.894737,-2.894737,0.000000,0.047242,1.299141,0.000000,0.000000,0.000000,0.000000
2.894737,-2.368421,0.000000,0.057721,1.298718,0.000000,0.000000,0.000000,0.000000
2.894737,-1.842105,0.000000,0.074165,1.297883,0.000000,0.000000,0.000000,0.000000
2.894737,-1.315789,0.000000,0.103669,1.295860,0.000000,0.000000,0.000000,0.000000
2.894737,-0.789474,0.000000,0.171813,1.288596,0.000000,0.000000,0.000000,0.000000
2.894737,-0.263158,0.000000,0.482808,1.207020,0.000000,0.000000,0.000000,0.000000
2.894737,0.263158,0.000000,0.482808,-1.207020,0.000000,0.000000,0.000000,0.000000
2.894737,0.789474,0.000000,0.171813,-1.288596,0.000000,0.000000,0.000000,0.000000
2.894737,1.315789,0.000000,0.103669,-1.295860,0.000000,0.000000,0.000000,0.000000
2.894737,1.842105,0.000000,0.074165,-1.297883,0.000000,0.000000,0.000000,0.000000
2.894737,2.368421,0.000000,0.057721,-1.298718,0.000000,0.000000,0.000000,0.000000
2.894737,2.894737,0.000000,0.047242,-1.299141,0.000000,0.000000,0.000000,0.000000
2.894737,3.421053,0.000000,0.039981,-1.299385,0.000000,0.000000,0.000000,0.000000
2.894737,3.947368,0.000000,0.034654,-1.299538,0.000000,0.000000,0.000000,0.000000
2.894737,4.473684,0.000000,0.030580,-1.299640,0.000000,0.000000,0.000000,0.000000
2.894737,5.000000,0.000000,0.027362,-1.299712,0.000000,0.000000,0.000000,0.000000
3.421053,-5.000000,0.000000,-0.109088,1.295415,0.000000,0.000000,0.000000,0.000000
3.421053,-4.473684,0.000000,-0.121815,1.294280,0.000000,0.000000,0.000000,0.000000
3.421053,-3.947368,0.000000,-0.137884,1.292667,0.000000,0.000000,0.000000,0.000000
3.421053,-3.421053,0.000000,-0.158802,1.290264,0.000000,0.000000,0.000000,0.000000
3.421053,-2.894737,0.000000,-0.187122,1.286462,0.000000,0.000000,0.000000,0.000000
3.421053,-2.368421,0.000000,-0.227543,1.279931,0.000000,0.000000,0.000000,0.000000
3.421053,-1.842105,0.000000,-0.289672,1.267316,0.000000,0.000000,0.000000,0.000000
3.421053,-1.315789,0.000000,-0.396208,1.238151,0.000000,0.000000,0.000000,0.000000
3.421053,-0.789474,0.000000,-0.611765,1.147059,0.000000,0.000000,0.000000,0.000000
3.421053,-0.263158,0.000000,-1.102398,0.688999,-17.027296,13.388935,0.000000,0.000000
3.421053,0.263158,0.000000,-1.102398,-0.688999,0.000000,0.000000,-17.027296,-13.388935
3.421053,0.789474,0.000000,-0.611765,-1.147059,0.000000,0.000000,0.000000,0.000000
3.421053,1.315789,0.000000,-0.396208,-1.238151,0.000000,0.000000,0.000000,0.000000
3.421053,1.842105,0.000000,-0.289672,-1.267316,0.000000,0.000000,0.000000,0.000000
3.421053,2.368421,0.000000,-0.227543,-1.279931,0.000000,0.000000,0.000000,0.000000
3.421053,2.894737,0.000000,-0.187122,-1.286462,0.000000,0.000000,0.000000,0.000000
3.421053,3.421053,0.000000,-0.158802,-1.290264,0.000000,0.000000,0.000000,0.000000
3.421053,3.947368,0.000000,-0.137884,-1.292667,0.000000,0.000000,0.000000,0.000000
3.421053,4.473684,0.000000,-0.121815,-1.294280,0.000000,0.000000,0.000000,0.000000
3.421053,5.000000,0.000000,-0.109088,-1.295415,0.000000,0.000000,0.000000,0.000000
3.947368,-5.000000,0.000000,-0.242010,1.277275,0.000000,0.000000,0.000000,0.000000
3.947368,-4.473684,0.000000,-0.269322,1.271796,0.000000,0.000000,0.000000,0.000000
3.947368,-3.947368,0.000000,-0.303385,1.264103,0.000000,0.000000,0.000000,0.000000
3.947368,-3.421053,0.000000,-0.346943,1.252849,0.000000,0.000000,0.000000,0.000000
3.947368,-2.894737,0.000000,-0.404351,1.235516,0.000000,0.000000,0.000000,0.000000
3.947368,-2.368421,0.000000,-0.482808,1.207020,0.000000,0.000000,0.000000,0.000000
3.947368,-1.842105,0.000000,-0.594552,1.156074,0.000000,0.000000,0.000000,0.000000
3.947368,-1.315789,0.000000,-0.759596,1.054995,0.000000,0.000000,0.000000,0.000000
3.947368,-0.789474,0.000000,-0.998688,0.832240,0.000000,0.000000,0.000000,0.000000
3.947368,-0.263158,0.000000,-1.252573,0.347937,0.000000,0.000000,0.000000,0.000000
3.947368,0.263158,0.000000,-1.252573,-0.347937,0.000000,0.000000,0.000000,0.000000
3.947368,0.789474,0.000000,-0.998688,-0.832240,0.000000,0.000000,0.000000,0.000000
3.947368,1.315789,0.000000,-0.759596,-1.054995,0.000000,0.000000,0.000000,0.000000
3.947368,1.842105,0.000000,-0.594552,-1.156074,0.000000,0.000000,0.000000,0.000000
3.947368,2.368421,0.000000,-0.482808,-1.207020,0.000000,0.000000,0.000000,0.000000
3.947368,2.894737,0.000000,-0.404351,-1.235516,0.000000,0.000000,0.000000,0.000000
3.947368,3.421053,0.000000,-0.346943,-1.252849,0.000000,0.000000,0.000000,0.000000
3.947368,3.947368,0.000000,-0.303385,-1.264103,0.000000,0.000000,0.000000,0.000000
3.947368,4.473684,0.000000,-0.269322,-1.271796,0.000000,0.000000,0.000000,0.000000
3.947368,5.000000,0.000000,-0.242010,-1.277275,0.000000,0.000000,0.000000,0.000000
4.473684,-5.000000,0.000000,-0.367527,1.246966,0.000000,0.000000,0.000000,0.000000
4.473684,-4.473684,0.000000,-0.406736,1.234733,0.000000,0.000000,0.000000,0.000000
4.473684,-3.947368,0.000000,-0.454680,1.217894,0.000000,0.000000,0.000000,0.000000
4.473684,-3.421053,0.000000,-0.514311,1.193936,0.000000,0.000000,0.000000,0.000000
4.473684,-2.894737,0.000000,-0.589788,1.158512,0.000000,0.000000,0.000000,0.000000
4.473684,-2.368421,0.000000,-0.686792,1.103774,0.000000,0.000000,0.000000,0.000000
4.473684,-1.842105,0.000000,-0.812104,1.015129,0.000000,0.000000,0.000000,0.000000
4.473684,-1.315789,0.000000,-0.969719,0.865821,0.000000,0.000000,0.000000,0.000000
4.473684,-0.789474,0.000000,-1.145924,0.613888,0.000000,0.000000,0.000000,0.000000
4.473684,-0.263158,0.000000,-1.279756,0.228528,0.000000,0.000000,0.000000,0.000000
4.473684,0.263158,0.000000,-1.279756,-0.228528,0.000000,0.000000,0.000000,0.000000
4.473684,0.789474,0.000000,-1.145924,-0.613888,0.000000,0.000000,0.000000,0.000000
4.473684,1.315789,0.000000,-0.969719,-0.865821,0.000000,0.000000,0.000000,0.000000
4.473684,1.842105,0.000000,-0.812104,-1.015129,0.000000,0.000000,0.000000,0.000000
4.473684,2.368421,0.000000,-0.686792,-1.103774,0.000000,0.000000,0.000000,0.000000
4.473684,2.894737,0.000000,-0.589788,-1.158512,0.000000,0.000000,0.000000,0.000000
4.473684,3.421053,0.000000,-0.514311,-1.193936,0.000000,0.000000,0.000000,0.000000
4.473684,3.947368,0.000000,-0.454680,-1.217894,0.000000,0.000000,0.000000,0.000000
4.473684,4.473684,0.000000,-0.406736,-1.234733,0.000000,0.000000,0.000000,0.000000
4.473684,5.000000,0.000000,-0.367527,-1.246966,0.000000,0.000000,0.000000,0.000000
5.000000,-5.000000,0.000000,-0.482808,1.207020,0.000000,0.000000,0.000000,0.000000
5.000000,-4.473684,0.000000,-0.530570,1.186801,0.000000,0.000000,0.000000,0.000000
5.000000,-3.947368,0.000000,-0.587554,1.159647,0.000000,0.000000,0.000000,0.000000
5.000000,-3.421053,0.000000,-0.656106,1.122286,0.000000,0.000000,0.000000,0.000000
5.000000,-2.894737,0.000000,-0.738961,1.069549,0.000000,0.000000,0.000000,0.000000
5.000000,-2.368421,0.000000,-0.838735,0.993239,0.000000,0.000000,0.000000,0.000000
5.000000,-1.842105,0.000000,-0.956209,0.880718,0.000000,0.000000,0.000000,0.000000
5.000000,-1.315789,0.000000,-1.086042,0.714501,0.000000,0.000000,0.000000,0.000000
5.000000,-0.789474,0.000000,-1.209202,0.477316,0.000000,0.000000,0.000000,0.000000
5.000000,-0.263158,0.000000,-1.288891,0.169591,0.000000,0.000000,0.000000,0.000000
5.000000,0.263158,0.000000,-1.288891,-0.169591,0.000000,0.000000,0.000000,0.000000
5.000000,0.789474,0.000000,-1.209202,-0.477316,0.000000,0.000000,0.000000,0.000000
5.000000,1.315789,0.000000,-1.086042,-0.714501,0.000000,0.000000,0.000000,0.000000
5.000000,1.842105,0.000000,-0.956209,-0.880718,0.000000,0.000000,0.000000,0.000000
5.000000,2.368421,0.000000,-0.838735,-0.993239,0.000000,0.000000,0.000000,0.000000
5.000000,2.894737,0.000000,-0.738961,-1.069549,0.000000,0.000000,0.000000,0.000000
5.000000,3.421053,0.000000,-0.656106,-1.122286,0.000000,0.000000,0.000000,0.000000
5.000000,3.947368,0.000000,-0.587554,-1.159647,0.000000,0.000000,0.000000,0.000000
5.000000,4.473684,0.000000,-0.530570,-1.186801,0.000000,0.000000,0.000000,0.000000
5.000000,5.000000,0.000000,-0.482808,-1.207020,0.000000,0.000000,0.000000,0.000000
